date,open,high,low,close,volume,hold,settle
2023-06-19,3720.0,3735.0,3675.0,3705.0,1342446,1329379,3700.0
2023-06-20,3710.0,3790.0,3706.0,3755.0,1237170,1345087,3757.0
2023-06-21,3745.0,3820.0,3735.0,3819.0,1226081,1375204,3783.0
2023-06-26,3725.0,3789.0,3723.0,3787.0,771150,1367264,3757.0
2023-06-27,3795.0,3815.0,3740.0,3751.0,1148115,1342037,3769.0
2023-06-28,3710.0,3757.0,3697.0,3740.0,1086620,1339549,3724.0
2023-06-29,3714.0,3740.0,3688.0,3736.0,1201314,1325917,3715.0
2023-06-30,3723.0,3778.0,3704.0,3756.0,1168990,1289040,3741.0
2023-07-03,3756.0,3965.0,3746.0,3965.0,1130889,1296165,3893.0
2023-07-04,4030.0,4030.0,3926.0,3977.0,1654175,1273358,3976.0
2023-07-05,3972.0,4018.0,3958.0,3991.0,1145804,1273284,3986.0
2023-07-06,3989.0,4005.0,3940.0,3985.0,1141839,1301047,3977.0
2023-07-07,3974.0,3987.0,3945.0,3967.0,1059982,1301697,3967.0
2023-07-10,3959.0,3977.0,3898.0,3975.0,1185659,1277716,3934.0
2023-07-11,3990.0,4045.0,3984.0,3994.0,1208258,1259271,4010.0
2023-07-12,4015.0,4071.0,3983.0,4051.0,948510,1282282,4033.0
2023-07-13,4060.0,4096.0,3972.0,4020.0,1226458,1271499,4025.0
2023-07-14,4035.0,4095.0,4022.0,4023.0,975633,1246438,4052.0
2023-07-17,4050.0,4089.0,4030.0,4064.0,1088375,1267936,4062.0
2023-07-18,4084.0,4111.0,4056.0,4068.0,1234397,1283031,4082.0
2023-07-19,4097.0,4158.0,4088.0,4155.0,1257550,1350835,4137.0
2023-07-20,4192.0,4230.0,4157.0,4188.0,1491514,1314737,4193.0
2023-07-21,4181.0,4185.0,4138.0,4156.0,1120053,1278911,4159.0
2023-07-24,4140.0,4208.0,4137.0,4164.0,1346118,1252832,4178.0
2023-07-25,4190.0,4258.0,4175.0,4236.0,1162213,1260853,4216.0
2023-07-26,4217.0,4273.0,4211.0,4270.0,1017495,1270521,4240.0
2023-07-27,4267.0,4374.0,4261.0,4311.0,1429696,1225691,4324.0
2023-07-28,4314.0,4346.0,4266.0,4274.0,1278669,1154936,4302.0
2023-07-31,4262.0,4277.0,4195.0,4253.0,1227735,1100388,4237.0
2023-08-01,4246.0,4314.0,4246.0,4311.0,1199660,1041141,4285.0
2023-08-02,4297.0,4353.0,4284.0,4339.0,1067587,996692,4322.0
2023-08-03,4308.0,4342.0,4279.0,4322.0,1116415,926748,4313.0
2023-08-04,4325.0,4358.0,4317.0,4349.0,963265,883053,4337.0
2023-08-07,4352.0,4387.0,4321.0,4372.0,1094492,854467,4360.0
2023-08-08,4363.0,4389.0,4332.0,4371.0,827115,838934,4362.0
2023-08-09,4358.0,4466.0,4345.0,4426.0,1015795,758522,4410.0
2023-08-10,4427.0,4491.0,4413.0,4488.0,698741,722275,4444.0
2023-08-11,4489.0,4514.0,4445.0,4487.0,799935,628233,4481.0
2023-08-14,3860.0,3884.0,3800.0,3883.0,1197091,1556003,3841.0
2023-08-15,3890.0,3929.0,3872.0,3914.0,1343261,1611722,3906.0
2023-08-16,3898.0,3910.0,3865.0,3900.0,1212313,1635027,3887.0
2023-08-17,3902.0,3977.0,3902.0,3962.0,1401852,1693166,3940.0
2023-08-18,3950.0,4022.0,3940.0,4010.0,1481616,1766131,3982.0
2023-08-21,3990.0,4125.0,3986.0,4088.0,1742911,1762033,4068.0
2023-08-22,4089.0,4097.0,3972.0,3974.0,1736491,1741968,4037.0
2023-08-23,3990.0,4024.0,3964.0,3979.0,1434258,1780520,3994.0
2023-08-24,3980.0,4034.0,3977.0,3997.0,1300444,1824166,4002.0
2023-08-25,3998.0,4092.0,3984.0,4075.0,1407032,1835330,4045.0
2023-08-28,4086.0,4193.0,4064.0,4120.0,1993719,1860535,4133.0
2023-08-29,4120.0,4176.0,4115.0,4144.0,1476214,1850951,4148.0
2023-08-30,4140.0,4159.0,4111.0,4136.0,1149074,1824983,4134.0
2023-08-31,4155.0,4165.0,4123.0,4137.0,1025790,1811100,4144.0
2023-09-01,4137.0,4150.0,4075.0,4105.0,1775440,1856922,4109.0
2023-09-04,4105.0,4131.0,4019.0,4032.0,1749973,1823908,4076.0
2023-09-05,4036.0,4110.0,4033.0,4086.0,1189951,1854648,4076.0
2023-09-06,4086.0,4147.0,4075.0,4135.0,1149962,1863808,4118.0
2023-09-07,4150.0,4173.0,4113.0,4137.0,1217989,1840232,4144.0
2023-09-08,4140.0,4140.0,4053.0,4062.0,1520533,1773316,4090.0
2023-09-11,4080.0,4132.0,4065.0,4103.0,1104627,1770711,4098.0
2023-09-12,4111.0,4120.0,4044.0,4057.0,1169856,1775221,4084.0
2023-09-13,4059.0,4062.0,3973.0,3995.0,1749566,1755348,4004.0
2023-09-14,3996.0,4014.0,3948.0,3979.0,1263498,1736765,3982.0
2023-09-15,3985.0,4069.0,3980.0,4062.0,1221411,1726942,4026.0
2023-09-18,4040.0,4066.0,4008.0,4029.0,1063260,1730240,4036.0
2023-09-19,4027.0,4031.0,3925.0,3941.0,1486460,1717711,3972.0
2023-09-20,3952.0,3995.0,3936.0,3988.0,1044402,1713809,3969.0
2023-09-21,3994.0,3994.0,3930.0,3949.0,1081888,1699290,3960.0
2023-09-22,3941.0,3971.0,3917.0,3962.0,1029599,1687627,3941.0
2023-09-25,3961.0,3974.0,3915.0,3941.0,1081256,1656190,3944.0
2023-09-26,3950.0,4011.0,3922.0,3974.0,1190521,1668092,3975.0
2023-09-27,3975.0,4021.0,3939.0,4006.0,1128103,1635977,3979.0
2023-09-28,4006.0,4026.0,3974.0,3996.0,884561,1566592,4000.0
2023-10-09,3930.0,3930.0,3861.0,3867.0,952062,1514491,3890.0
2023-10-10,3869.0,3870.0,3792.0,3795.0,1120934,1545890,3831.0
2023-10-11,3805.0,3838.0,3762.0,3787.0,1188644,1534768,3800.0
2023-10-12,3776.0,3819.0,3773.0,3815.0,1039472,1479479,3802.0
2023-10-13,3818.0,3892.0,3803.0,3873.0,1134346,1440339,3856.0
2023-10-16,3895.0,3901.0,3842.0,3885.0,954355,1438355,3871.0
2023-10-17,3875.0,3908.0,3870.0,3884.0,799150,1438008,3888.0
2023-10-18,3900.0,3956.0,3892.0,3893.0,1149446,1438186,3918.0
2023-10-19,3900.0,3925.0,3863.0,3911.0,974389,1435067,3896.0
2023-10-20,3915.0,3946.0,3891.0,3913.0,1045966,1425655,3919.0
2023-10-23,3909.0,3952.0,3874.0,3886.0,1225522,1381725,3903.0
2023-10-24,3875.0,3883.0,3834.0,3859.0,1204862,1355426,3855.0
2023-10-25,3860.0,3943.0,3849.0,3895.0,1214490,1357121,3898.0
2023-10-26,3888.0,3916.0,3863.0,3908.0,974957,1361174,3890.0
2023-10-27,3910.0,3938.0,3905.0,3929.0,995740,1396980,3923.0
2023-10-30,3940.0,4016.0,3940.0,3992.0,1306823,1432155,3980.0
2023-10-31,3977.0,3977.0,3912.0,3916.0,1146756,1355984,3940.0
2023-11-01,3935.0,3963.0,3922.0,3957.0,1025930,1373404,3941.0
2023-11-02,3965.0,4002.0,3956.0,3997.0,971156,1409979,3983.0
2023-11-03,3998.0,4050.0,3986.0,4039.0,980092,1416407,4016.0
2023-11-06,4051.0,4124.0,4035.0,4118.0,1193756,1470005,4082.0
2023-11-07,4120.0,4142.0,4100.0,4100.0,1089983,1453476,4120.0
2023-11-08,4106.0,4159.0,4104.0,4129.0,1128557,1458938,4132.0
2023-11-09,4149.0,4162.0,4101.0,4119.0,1031330,1436279,4130.0
2023-11-10,4115.0,4126.0,4027.0,4028.0,1355205,1340955,4070.0
2023-11-13,4028.0,4072.0,4024.0,4058.0,856246,1312622,4049.0
2023-11-14,4054.0,4145.0,4045.0,4094.0,1016708,1288877,4097.0
2023-11-15,4094.0,4145.0,4086.0,4138.0,894691,1302100,4118.0
2023-11-16,4146.0,4149.0,4095.0,4126.0,808972,1288557,4118.0
2023-11-17,4097.0,4105.0,4028.0,4036.0,1075939,1245175,4058.0
2023-11-20,4036.0,4036.0,3952.0,3987.0,1388508,1170488,3987.0
2023-11-21,3987.0,4034.0,3981.0,4029.0,981579,1142896,4009.0
2023-11-22,4030.0,4066.0,3986.0,3997.0,829012,1118274,4026.0
2023-11-23,3993.0,4003.0,3945.0,3956.0,858594,1103807,3970.0
2023-11-24,3951.0,3984.0,3948.0,3969.0,513331,1103505,3966.0
2023-11-27,3978.0,3991.0,3886.0,3902.0,885472,1080697,3928.0
2023-11-28,3913.0,3920.0,3865.0,3899.0,765252,1067063,3886.0
2023-11-29,3907.0,3923.0,3871.0,3884.0,647318,1046833,3897.0
2023-11-30,3897.0,3910.0,3860.0,3885.0,821478,1018331,3884.0
2023-12-01,3878.0,3894.0,3821.0,3860.0,898692,988141,3862.0
2023-12-04,3856.0,3905.0,3854.0,3886.0,849549,948002,3881.0
2023-12-05,3886.0,3939.0,3872.0,3905.0,1024713,823748,3905.0
2023-12-06,3900.0,3935.0,3874.0,3927.0,735132,818991,3901.0
2023-12-07,3927.0,3953.0,3878.0,3943.0,704151,733164,3922.0
2023-12-08,3961.0,3981.0,3940.0,3978.0,527124,653374,3961.0
2023-12-11,3428.0,3470.0,3413.0,3418.0,813706,1232643,3432.0
2023-12-12,3423.0,3483.0,3410.0,3479.0,884968,1297412,3454.0
2023-12-13,3472.0,3480.0,3439.0,3463.0,766283,1323291,3458.0
2023-12-14,3455.0,3459.0,3404.0,3409.0,876100,1333459,3430.0
2023-12-15,3410.0,3446.0,3401.0,3404.0,742331,1322146,3424.0
2023-12-18,3414.0,3418.0,3361.0,3376.0,795667,1325088,3386.0
2023-12-19,3379.0,3417.0,3372.0,3380.0,725813,1330169,3393.0
2023-12-20,3370.0,3382.0,3343.0,3355.0,851729,1371101,3362.0
2023-12-21,3355.0,3365.0,3328.0,3355.0,1024227,1381303,3345.0
2023-12-22,3357.0,3367.0,3311.0,3322.0,980929,1395943,3332.0
2023-12-25,3328.0,3358.0,3314.0,3344.0,871637,1401118,3336.0
2023-12-26,3342.0,3370.0,3334.0,3338.0,699543,1398431,3351.0
2023-12-27,3330.0,3367.0,3326.0,3364.0,996284,1396052,3350.0
2023-12-28,3357.0,3384.0,3342.0,3360.0,822623,1382965,3361.0
2023-12-29,3361.0,3378.0,3313.0,3313.0,1026696,1383978,3343.0
2024-01-02,3290.0,3294.0,3234.0,3248.0,884958,1429605,3258.0
2024-01-03,3255.0,3255.0,3224.0,3245.0,696827,1403900,3239.0
2024-01-04,3248.0,3272.0,3240.0,3259.0,656713,1395513,3254.0
2024-01-05,3254.0,3259.0,3198.0,3205.0,831901,1441603,3226.0
2024-01-08,3200.0,3202.0,3151.0,3157.0,845592,1434756,3174.0
2024-01-09,3150.0,3170.0,3133.0,3162.0,709018,1446051,3154.0
2024-01-10,3163.0,3173.0,3130.0,3144.0,844483,1455228,3152.0
2024-01-11,3140.0,3145.0,3108.0,3135.0,925690,1488605,3125.0
2024-01-12,3127.0,3131.0,3075.0,3078.0,1126347,1591570,3098.0
2024-01-15,3078.0,3092.0,3029.0,3072.0,1208481,1608058,3068.0
2024-01-16,3063.0,3084.0,3050.0,3083.0,934543,1622658,3064.0
2024-01-17,3084.0,3098.0,3050.0,3054.0,948347,1657901,3076.0
2024-01-18,3043.0,3045.0,2988.0,3028.0,1483316,1656470,3017.0
2024-01-19,3032.0,3056.0,3015.0,3037.0,900991,1646722,3035.0
2024-01-22,3041.0,3067.0,3027.0,3039.0,1027285,1599048,3048.0
2024-01-23,3030.0,3065.0,3021.0,3047.0,860859,1598327,3046.0
2024-01-24,3056.0,3080.0,3053.0,3072.0,966427,1562450,3066.0
2024-01-25,3070.0,3085.0,3031.0,3050.0,1152009,1624197,3060.0
2024-01-26,3050.0,3051.0,2996.0,3007.0,1398809,1708447,3018.0
2024-01-29,2985.0,2988.0,2931.0,2952.0,1423920,1717407,2955.0
2024-01-30,2948.0,2975.0,2928.0,2944.0,1103599,1713807,2948.0
2024-01-31,2955.0,3018.0,2953.0,2994.0,1298710,1625456,2986.0
2024-02-01,2998.0,3047.0,2991.0,3033.0,1255921,1568889,3020.0
2024-02-02,3023.0,3031.0,2991.0,2997.0,1234806,1547703,3009.0
2024-02-05,3008.0,3024.0,2971.0,2993.0,1068865,1522173,2999.0
2024-02-06,2978.0,3013.0,2973.0,3002.0,799624,1519264,2993.0
2024-02-07,3006.0,3021.0,2974.0,2982.0,787206,1496097,2999.0
2024-02-08,2970.0,3011.0,2958.0,3007.0,723675,1412964,2983.0
2024-02-19,2999.0,3044.0,2996.0,3042.0,654355,1446980,3025.0
2024-02-20,3050.0,3070.0,3022.0,3026.0,890889,1484741,3042.0
2024-02-21,3025.0,3042.0,2992.0,3001.0,1099279,1555702,3012.0
2024-02-22,2988.0,2997.0,2968.0,2989.0,914329,1640606,2983.0
2024-02-23,2990.0,2998.0,2965.0,2996.0,874395,1642896,2983.0
2024-02-26,2990.0,3005.0,2967.0,2989.0,1085177,1662867,2987.0
2024-02-27,2980.0,3032.0,2974.0,3031.0,1123454,1649488,3011.0
2024-02-28,3032.0,3047.0,3013.0,3020.0,924970,1675386,3028.0
2024-02-29,3020.0,3036.0,3005.0,3021.0,963079,1648154,3021.0
2024-03-01,3003.0,3089.0,3000.0,3086.0,1471222,1649188,3049.0
2024-03-04,3086.0,3142.0,3083.0,3141.0,1332673,1605127,3109.0
2024-03-05,3140.0,3150.0,3112.0,3135.0,1467176,1574940,3129.0
2024-03-06,3126.0,3153.0,3122.0,3127.0,1146506,1593254,3134.0
2024-03-07,3122.0,3153.0,3112.0,3145.0,1087177,1585129,3131.0
2024-03-08,3165.0,3236.0,3151.0,3234.0,1800346,1604731,3185.0
2024-03-11,3218.0,3263.0,3186.0,3214.0,1561018,1551957,3220.0
2024-03-12,3206.0,3257.0,3193.0,3224.0,1265045,1533302,3228.0
2024-03-13,3237.0,3257.0,3201.0,3218.0,1464278,1527550,3226.0
2024-03-14,3208.0,3281.0,3203.0,3266.0,1821233,1505165,3239.0
2024-03-15,3266.0,3312.0,3238.0,3292.0,1925437,1463153,3278.0
2024-03-18,3270.0,3337.0,3260.0,3266.0,1803985,1446671,3290.0
2024-03-19,3271.0,3301.0,3266.0,3287.0,1255258,1427221,3281.0
2024-03-20,3280.0,3330.0,3278.0,3324.0,1216055,1429322,3302.0
2024-03-21,3339.0,3415.0,3324.0,3385.0,1666433,1424130,3370.0
2024-03-22,3377.0,3386.0,3305.0,3316.0,1498443,1379158,3345.0
2024-03-25,3315.0,3320.0,3226.0,3249.0,1700586,1308137,3264.0
2024-03-26,3252.0,3278.0,3247.0,3258.0,1033402,1263478,3261.0
2024-03-27,3257.0,3276.0,3233.0,3261.0,1121250,1184432,3254.0
2024-03-28,3260.0,3269.0,3199.0,3224.0,1292454,1057619,3229.0
2024-03-29,3226.0,3267.0,3210.0,3257.0,922923,1004475,3239.0
2024-04-01,3255.0,3287.0,3228.0,3286.0,858876,949744,3260.0
2024-04-02,3345.0,3357.0,3306.0,3317.0,1111195,1612256,3331.0
2024-04-03,3322.0,3330.0,3257.0,3293.0,1461433,1648113,3291.0
2024-04-08,3315.0,3346.0,3306.0,3323.0,805533,1690520,3327.0
2024-04-09,3330.0,3347.0,3303.0,3335.0,1198160,1800955,3332.0
2024-04-10,3330.0,3344.0,3308.0,3321.0,1135254,1849556,3326.0
2024-04-11,3315.0,3317.0,3276.0,3287.0,1297854,1883982,3294.0
2024-04-12,3282.0,3326.0,3271.0,3325.0,1205052,1910356,3291.0
2024-04-15,3335.0,3370.0,3335.0,3357.0,1682370,1976988,3355.0
2024-04-16,3356.0,3419.0,3336.0,3385.0,1663515,2035388,3377.0
2024-04-17,3380.0,3395.0,3285.0,3287.0,2052314,1955812,3326.0
2024-04-18,3288.0,3329.0,3277.0,3322.0,1208084,1959652,3307.0
2024-04-19,3308.0,3364.0,3302.0,3353.0,1525308,1974110,3331.0
2024-04-22,3351.0,3367.0,3330.0,3338.0,1187054,1996313,3350.0
2024-04-23,3342.0,3401.0,3316.0,3363.0,1720116,2022310,3364.0
2024-04-24,3350.0,3400.0,3345.0,3397.0,1252611,2114938,3381.0
2024-04-25,3398.0,3409.0,3355.0,3377.0,1451753,2142090,3378.0
2024-04-26,3373.0,3396.0,3356.0,3386.0,1219622,2144031,3380.0
2024-04-29,3380.0,3404.0,3353.0,3375.0,1189748,2129087,3376.0
2024-04-30,3380.0,3399.0,3364.0,3399.0,1271767,2095592,3384.0
2024-05-06,3474.0,3494.0,3454.0,3475.0,1202584,2147464,3478.0
2024-05-07,3486.0,3595.0,3485.0,3591.0,2296508,2240282,3556.0
2024-05-08,3575.0,3612.0,3563.0,3594.0,2093968,2323885,3587.0
2024-05-09,3581.0,3618.0,3553.0,3571.0,2037850,2346994,3582.0
2024-05-10,3561.0,3573.0,3503.0,3523.0,2077547,2263120,3536.0
2024-05-13,3524.0,3564.0,3520.0,3559.0,1394072,2284946,3542.0
2024-05-14,3551.0,3582.0,3530.0,3536.0,1465774,2289142,3559.0
2024-05-15,3527.0,3571.0,3521.0,3565.0,1202660,2302477,3549.0
2024-05-16,3580.0,3583.0,3541.0,3550.0,1199995,2292083,3562.0
2024-05-17,3553.0,3600.0,3542.0,3592.0,1393390,2308938,3571.0
2024-05-20,3590.0,3601.0,3558.0,3583.0,1330361,2272486,3578.0
2024-05-21,3585.0,3636.0,3566.0,3580.0,2109697,2272234,3601.0
2024-05-22,3582.0,3624.0,3568.0,3622.0,1352672,2287063,3594.0
2024-05-23,3614.0,3633.0,3585.0,3622.0,1813993,2280409,3613.0
2024-05-24,3641.0,3659.0,3585.0,3589.0,1747014,2294023,3624.0
2024-05-27,3599.0,3630.0,3581.0,3588.0,1423191,2251447,3599.0
2024-05-28,3588.0,3621.0,3550.0,3560.0,1515711,2193956,3589.0
2024-05-29,3550.0,3556.0,3465.0,3509.0,2350702,2072224,3503.0
2024-05-30,3497.0,3505.0,3462.0,3481.0,1345371,2030757,3486.0
2024-05-31,3482.0,3502.0,3469.0,3495.0,1055510,1997370,3485.0
2024-06-03,3508.0,3509.0,3437.0,3447.0,1228971,1973553,3466.0
2024-06-04,3460.0,3476.0,3432.0,3466.0,1145505,1982448,3457.0
2024-06-05,3455.0,3500.0,3454.0,3487.0,1194279,2022283,3480.0
2024-06-06,3490.0,3503.0,3463.0,3502.0,1150190,2011086,3486.0
2024-06-07,3503.0,3532.0,3488.0,3494.0,1243405,1989556,3510.0
2024-06-11,3498.0,3520.0,3472.0,3477.0,750496,1989722,3489.0
2024-06-12,3480.0,3494.0,3455.0,3485.0,1087413,1988134,3473.0
2024-06-13,3480.0,3496.0,3415.0,3417.0,1543972,2035860,3459.0
2024-06-14,3430.0,3468.0,3426.0,3457.0,1132156,1969692,3446.0
2024-06-17,3455.0,3458.0,3373.0,3399.0,1379866,1940071,3411.0
2024-06-18,3397.0,3397.0,3355.0,3362.0,1202467,1909550,3371.0
2024-06-19,3370.0,3382.0,3353.0,3374.0,989483,1833355,3370.0
2024-06-20,3380.0,3388.0,3353.0,3379.0,1172398,1796389,3370.0
2024-06-21,3360.0,3372.0,3326.0,3334.0,1274629,1782029,3346.0
2024-06-24,3334.0,3374.0,3321.0,3347.0,1220332,1774640,3349.0
2024-06-25,3338.0,3372.0,3325.0,3358.0,1024494,1784918,3345.0
2024-06-26,3342.0,3376.0,3331.0,3360.0,1077693,1814070,3351.0
2024-06-27,3350.0,3375.0,3339.0,3363.0,1210970,1807701,3358.0
2024-06-28,3372.0,3382.0,3354.0,3374.0,956329,1780999,3368.0
2024-07-01,3375.0,3387.0,3328.0,3366.0,1440504,1826382,3356.0
2024-07-02,3353.0,3400.0,3340.0,3393.0,1471131,1752114,3367.0
2024-07-03,3401.0,3421.0,3370.0,3381.0,1250461,1769687,3394.0
2024-07-04,3389.0,3394.0,3293.0,3307.0,1771139,1851877,3345.0
2024-07-05,3310.0,3355.0,3298.0,3338.0,1167121,1742897,3327.0
2024-07-08,3338.0,3359.0,3308.0,3313.0,1111714,1721949,3332.0
2024-07-09,3300.0,3300.0,3244.0,3258.0,1338654,1652718,3266.0
2024-07-10,3268.0,3273.0,3197.0,3225.0,1226791,1576677,3230.0
2024-07-11,3241.0,3248.0,3184.0,3185.0,999446,1598755,3213.0
2024-07-12,3201.0,3206.0,3164.0,3166.0,1056263,1568910,3188.0
2024-07-15,3170.0,3176.0,3091.0,3105.0,1374114,1554110,3122.0
2024-07-16,3090.0,3119.0,3071.0,3084.0,1191815,1545176,3093.0
2024-07-17,3088.0,3186.0,3083.0,3111.0,2173390,1459391,3131.0
2024-07-18,3121.0,3123.0,3093.0,3112.0,1037472,1456103,3108.0
2024-07-19,3113.0,3157.0,3099.0,3148.0,1164392,1433492,3128.0
2024-07-22,3157.0,3180.0,3138.0,3163.0,1041876,1433181,3158.0
2024-07-23,3161.0,3197.0,3144.0,3154.0,1167286,1437595,3170.0
2024-07-24,3175.0,3183.0,3141.0,3159.0,1201027,1426217,3166.0
2024-07-25,3162.0,3179.0,3126.0,3142.0,1162703,1386203,3148.0
2024-07-26,3156.0,3190.0,3150.0,3161.0,1147450,1368353,3169.0
2024-07-29,3140.0,3154.0,3046.0,3101.0,1580660,1375323,3099.0
2024-07-30,3080.0,3109.0,3066.0,3084.0,987365,1319954,3084.0
2024-07-31,3065.0,3097.0,3054.0,3093.0,1059026,1267010,3072.0
2024-08-01,3085.0,3092.0,3029.0,3072.0,1184480,1233961,3065.0
2024-08-02,3063.0,3087.0,3047.0,3084.0,902804,1171415,3065.0
2024-08-05,3084.0,3098.0,3047.0,3055.0,919749,1146284,3075.0
2024-08-06,3029.0,3068.0,3017.0,3023.0,998229,1103100,3038.0
2024-08-07,3031.0,3037.0,2962.0,2979.0,1148759,1048785,2997.0
2024-08-08,2981.0,3012.0,2972.0,2992.0,894169,922297,2990.0
2024-08-09,2992.0,3002.0,2952.0,2991.0,825611,844205,2978.0
2024-08-12,2997.0,3005.0,2943.0,2981.0,775961,750416,2980.0
2024-08-13,2968.0,2988.0,2862.0,2877.0,879813,649471,2929.0
2024-08-14,2938.0,2938.0,2866.0,2911.0,1287927,1279089,2902.0
2024-08-15,2923.0,2954.0,2920.0,2949.0,1013529,1298632,2938.0
2024-08-16,2930.0,2975.0,2926.0,2936.0,1069542,1309294,2947.0
2024-08-19,2931.0,2961.0,2908.0,2917.0,1016556,1343709,2932.0
2024-08-20,2916.0,2971.0,2916.0,2942.0,942080,1370758,2942.0
2024-08-21,2942.0,2964.0,2923.0,2960.0,1032334,1406122,2943.0
2024-08-22,2960.0,2979.0,2940.0,2944.0,1024640,1393574,2963.0
2024-08-23,2931.0,2958.0,2928.0,2929.0,909331,1428021,2942.0
2024-08-26,2930.0,2965.0,2902.0,2955.0,1510879,1487136,2933.0
2024-08-27,2940.0,2985.0,2937.0,2978.0,1064250,1511884,2962.0
2024-08-28,2985.0,3032.0,2984.0,3002.0,1500377,1544870,3008.0
2024-08-29,2989.0,3013.0,2979.0,2998.0,950716,1583368,3000.0
2024-08-30,3013.0,3047.0,3002.0,3027.0,1111433,1561979,3023.0
2024-09-02,3037.0,3045.0,3001.0,3031.0,1310662,1528740,3021.0
2024-09-03,3035.0,3132.0,3021.0,3070.0,2652460,1525956,3061.0
2024-09-04,3080.0,3081.0,3023.0,3036.0,1862827,1472108,3052.0
2024-09-05,3048.0,3103.0,3040.0,3079.0,1986015,1446459,3072.0
2024-09-06,3076.0,3128.0,3070.0,3122.0,1716143,1434576,3097.0
2024-09-09,3135.0,3145.0,3062.0,3091.0,1899728,1363455,3098.0
2024-09-10,3106.0,3111.0,3033.0,3040.0,1558256,1377091,3073.0
2024-09-11,3025.0,3065.0,3008.0,3063.0,1334233,1345310,3037.0
2024-09-12,3055.0,3064.0,3027.0,3051.0,1194266,1353889,3044.0
2024-09-13,3054.0,3087.0,3028.0,3075.0,1292466,1320196,3057.0
2024-09-18,3085.0,3139.0,3082.0,3138.0,1199666,1342233,3121.0
2024-09-19,3135.0,3136.0,3065.0,3065.0,1392790,1341345,3096.0
2024-09-20,3074.0,3080.0,3034.0,3065.0,1307293,1339776,3058.0
2024-09-23,3050.0,3071.0,3023.0,3056.0,1215930,1324514,3045.0
2024-09-24,3071.0,3110.0,3065.0,3102.0,1263709,1297733,3092.0
2024-09-25,3127.0,3132.0,3058.0,3061.0,1449937,1342707,0.0
2024-09-26,3048.0,3130.0,3045.0,3116.0,1572093,1271314,3097.0
2024-09-27,3127.0,3130.0,3061.0,3089.0,1496655,1283304,3089.0
2024-09-30,3085.0,3177.0,3075.0,3150.0,1579907,1342957,3127.0
2024-10-08,3100.0,3110.0,3004.0,3019.0,1277324,1430791,3052.0
2024-10-09,3019.0,3070.0,3012.0,3026.0,1343404,1455978,3042.0
2024-10-10,3023.0,3040.0,2984.0,3022.0,1221122,1488599,3021.0
2024-10-11,3012.0,3022.0,2971.0,2974.0,1224523,1554800,3000.0
2024-10-14,2981.0,3014.0,2955.0,2991.0,1442315,1525423,2983.0
2024-10-15,2983.0,3019.0,2977.0,2992.0,1138013,1532553,2997.0
2024-10-16,2989.0,3015.0,2968.0,3009.0,1077843,1521055,2998.0
2024-10-17,3006.0,3033.0,2952.0,2961.0,1358422,1578174,2993.0
2024-10-18,2960.0,3005.0,2931.0,2995.0,1260723,1514911,2970.0
2024-10-21,2995.0,3020.0,2944.0,2985.0,1340684,1513916,2983.0
2024-10-22,2980.0,2991.0,2964.0,2978.0,774124,1521600,2976.0
2024-10-23,2982.0,3017.0,2966.0,2988.0,1267512,1522343,2993.0
2024-10-24,2982.0,3003.0,2975.0,2984.0,946497,1540972,2989.0
2024-10-25,3007.0,3022.0,2946.0,2948.0,1337716,1650157,2979.0
2024-10-28,2953.0,2998.0,2930.0,2985.0,1311338,1570461,2965.0
2024-10-29,2980.0,3017.0,2958.0,3012.0,1278880,1567183,2983.0
2024-10-30,3015.0,3026.0,2966.0,3015.0,1543142,1528721,2995.0
2024-10-31,3015.0,3020.0,2983.0,2992.0,985734,1521998,2999.0
2024-11-01,3005.0,3007.0,2962.0,2963.0,1145002,1613832,2986.0
2024-11-04,2970.0,3005.0,2954.0,2985.0,1147814,1550164,2980.0
2024-11-05,2989.0,2996.0,2952.0,2957.0,903669,1589497,2973.0
2024-11-06,2965.0,3012.0,2960.0,3002.0,1513898,1514720,2989.0
2024-11-07,3007.0,3109.0,2999.0,3093.0,2289434,1537465,3068.0
2024-11-08,3112.0,3116.0,3005.0,3013.0,2002591,1443959,3061.0
2024-11-11,3023.0,3103.0,3008.0,3086.0,1654784,1381218,3063.0
2024-11-12,3079.0,3098.0,3056.0,3067.0,1004421,1319824,3077.0
2024-11-13,3060.0,3083.0,3051.0,3059.0,830971,1263081,3067.0
2024-11-14,3060.0,3060.0,3031.0,3035.0,679765,1228382,3045.0
2024-11-15,2903.0,2908.0,2808.0,2814.0,1514286,1850270,2851.0
2024-11-18,2822.0,2834.0,2811.0,2821.0,935137,1880477,2821.0
2024-11-19,2823.0,2844.0,2815.0,2836.0,768469,1888405,2829.0
2024-11-20,2839.0,2840.0,2813.0,2827.0,699709,1915684,2824.0
2024-11-21,2821.0,2830.0,2807.0,2822.0,780874,1968363,2820.0
2024-11-22,2818.0,2819.0,2766.0,2767.0,1269653,2091800,2791.0
2024-11-25,2768.0,2798.0,2767.0,2792.0,970370,2104210,2787.0
2024-11-26,2789.0,2818.0,2778.0,2807.0,1160580,2077028,2801.0
2024-11-27,2813.0,2824.0,2793.0,2804.0,904606,2114896,2806.0
2024-11-28,2802.0,2807.0,2791.0,2800.0,641232,2143775,2798.0
2024-11-29,2799.0,2813.0,2787.0,2801.0,773803,2114846,2802.0
2024-12-02,2807.0,2809.0,2773.0,2783.0,907072,2241379,2786.0
2024-12-03,2780.0,2788.0,2737.0,2757.0,1242029,2378924,2760.0
2024-12-04,2761.0,2766.0,2694.0,2706.0,1453540,2494350,2726.0
2024-12-05,2705.0,2707.0,2645.0,2660.0,1658148,2462115,2672.0
2024-12-06,2658.0,2671.0,2647.0,2656.0,1080277,2463297,2660.0
2024-12-09,2662.0,2685.0,2650.0,2681.0,1010915,2423368,2665.0
2024-12-10,2682.0,2699.0,2662.0,2673.0,1205796,2440356,2681.0
2024-12-11,2673.0,2683.0,2641.0,2650.0,1176106,2581559,2662.0
2024-12-12,2646.0,2660.0,2636.0,2646.0,1075034,2611291,2647.0
2024-12-13,2646.0,2650.0,2616.0,2642.0,1428147,2587746,2636.0
2024-12-16,2643.0,2655.0,2620.0,2651.0,1403209,2587847,2638.0
2024-12-17,2652.0,2655.0,2608.0,2614.0,1262547,2713657,2625.0
2024-12-18,2602.0,2610.0,2562.0,2567.0,1706657,2763005,2585.0
2024-12-19,2561.0,2586.0,2549.0,2572.0,1665243,2752639,2565.0
2024-12-20,2567.0,2637.0,2561.0,2633.0,2116166,2666258,2600.0
2024-12-23,2638.0,2659.0,2608.0,2616.0,1791827,2581872,2627.0
2024-12-24,2617.0,2632.0,2609.0,2628.0,1027395,2574207,2621.0
2024-12-25,2630.0,2649.0,2615.0,2645.0,1116068,2557221,2631.0
2024-12-26,2638.0,2672.0,2624.0,2668.0,1272960,2511561,2649.0
2024-12-27,2672.0,2698.0,2665.0,2670.0,1528419,2467545,2679.0
2024-12-30,2671.0,2687.0,2662.0,2683.0,1237240,2442770,2675.0
2024-12-31,2689.0,2713.0,2682.0,2696.0,1501390,2366120,2696.0
2025-01-02,2722.0,2731.0,2704.0,2716.0,1145644,2321102,2720.0
2025-01-03,2718.0,2728.0,2671.0,2688.0,1895027,2292291,2703.0
2025-01-06,2678.0,2712.0,2652.0,2697.0,1892896,2266318,2683.0
2025-01-07,2710.0,2712.0,2640.0,2647.0,1691120,2299797,2670.0
2025-01-08,2648.0,2672.0,2636.0,2646.0,1272905,2292826,2655.0
2025-01-09,2640.0,2645.0,2613.0,2616.0,1293690,2288773,2628.0
2025-01-10,2616.0,2660.0,2616.0,2659.0,1351136,2262095,2640.0
2025-01-13,2665.0,2744.0,2646.0,2741.0,1669198,2258637,2707.0
2025-01-14,2740.0,2780.0,2734.0,2753.0,1544455,2276393,2751.0
2025-01-15,2746.0,2774.0,2740.0,2772.0,1276348,2292592,2756.0
2025-01-16,2765.0,2791.0,2744.0,2761.0,1429502,2310430,2763.0
2025-01-17,2753.0,2788.0,2733.0,2779.0,1487945,2309560,2762.0
2025-01-20,2777.0,2815.0,2771.0,2812.0,1643299,2278067,2790.0
2025-01-21,2813.0,2865.0,2800.0,2849.0,1963749,2297636,2830.0
2025-01-22,2849.0,2864.0,2824.0,2844.0,1733833,2293011,2848.0
2025-01-23,2846.0,2871.0,2828.0,2836.0,1584837,2286450,2848.0
2025-01-24,2845.0,2863.0,2823.0,2840.0,1277374,2231280,2845.0
2025-01-27,2831.0,2835.0,2783.0,2822.0,1186594,2085658,2810.0
2025-02-05,2897.0,2935.0,2874.0,2932.0,1148940,2152135,2906.0
2025-02-06,2928.0,2941.0,2876.0,2902.0,1635924,2100409,2907.0
2025-02-07,2905.0,2921.0,2861.0,2909.0,1563129,2121699,2894.0
2025-02-10,2898.0,2953.0,2885.0,2899.0,2384120,2240983,2917.0
2025-02-11,2904.0,2914.0,2881.0,2900.0,1727662,2242674,2897.0
2025-02-12,2908.0,2909.0,2835.0,2854.0,1977662,2255678,2867.0
2025-02-13,2837.0,2854.0,2820.0,2845.0,1468626,2251568,2837.0
2025-02-14,2840.0,2895.0,2838.0,2883.0,1901210,2272234,2869.0
2025-02-17,2890.0,2900.0,2843.0,2849.0,1668683,2274740,2868.0
2025-02-18,2850.0,2877.0,2847.0,2858.0,1313441,2290185,2860.0
2025-02-19,2868.0,2905.0,2865.0,2902.0,1453803,2329006,2885.0
2025-02-20,2909.0,2930.0,2893.0,2929.0,1378791,2361145,2909.0
2025-02-21,2922.0,2985.0,2921.0,2945.0,2166845,2417013,2955.0
2025-02-24,2945.0,2964.0,2896.0,2905.0,1918688,2362074,2934.0
2025-02-25,2905.0,2927.0,2885.0,2912.0,1397215,2325018,2909.0
2025-02-26,2900.0,2905.0,2864.0,2886.0,1713854,2289003,2884.0
2025-02-27,2879.0,2942.0,2874.0,2939.0,1811459,2373324,2909.0
2025-02-28,2943.0,2946.0,2915.0,2932.0,1722067,2347894,2928.0
2025-03-03,2932.0,3016.0,2922.0,3007.0,3295074,2526410,2970.0
2025-03-04,3001.0,3025.0,2944.0,2974.0,3651982,2515495,2983.0
2025-03-05,2968.0,2983.0,2877.0,2881.0,3159926,2388573,2925.0
2025-03-06,2895.0,2901.0,2854.0,2893.0,2463990,2270696,2883.0
2025-03-07,2891.0,2924.0,2882.0,2885.0,2093860,2200948,2902.0
2025-03-10,2886.0,2979.0,2863.0,2937.0,3262779,2201707,2928.0
2025-03-11,2940.0,2945.0,2851.0,2855.0,2943228,2140025,2877.0
2025-03-12,2862.0,2875.0,2822.0,2838.0,2150178,2055817,2844.0
2025-03-13,2830.0,2879.0,2825.0,2877.0,2148093,1978026,2859.0
2025-03-14,2886.0,2904.0,2878.0,2901.0,1638474,1942729,2890.0
2025-03-17,2901.0,2929.0,2891.0,2895.0,1898561,1906672,2909.0
2025-03-18,2899.0,2917.0,2889.0,2907.0,1412875,1882645,2903.0
2025-03-19,2907.0,2924.0,2880.0,2909.0,1529830,1839880,2905.0
2025-03-20,2905.0,2935.0,2854.0,2855.0,2348030,1819976,2897.0
2025-03-21,2850.0,2883.0,2845.0,2861.0,1448365,1776189,2864.0
2025-03-24,2860.0,2862.0,2834.0,2858.0,1209601,1753383,2848.0
2025-03-25,2855.0,2879.0,2848.0,2868.0,973231,1716506,2860.0
2025-03-26,2863.0,2874.0,2816.0,2820.0,1570447,1736626,2842.0
2025-03-27,2824.0,2837.0,2806.0,2826.0,1148403,1590086,2822.0
2025-03-28,2970.0,2970.0,2939.0,2942.0,547756,1795382,2952.0
2025-03-31,2942.0,2992.0,2934.0,2989.0,682366,1833643,2966.0
2025-04-01,2985.0,2991.0,2938.0,2951.0,865877,1843857,2961.0
2025-04-02,2960.0,2986.0,2945.0,2983.0,683460,1864781,2969.0
2025-04-03,2983.0,3041.0,2965.0,3039.0,1442436,1960957,3005.0
2025-04-07,3100.0,3120.0,3042.0,3056.0,2068098,2069991,3079.0
2025-04-08,3057.0,3168.0,3048.0,3164.0,2551277,2349506,3102.0
2025-04-09,3162.0,3164.0,3091.0,3119.0,2980757,2416074,3133.0
2025-04-10,3141.0,3146.0,3053.0,3074.0,2599623,2396848,3093.0
2025-04-11,3078.0,3093.0,3051.0,3082.0,1948453,2368722,3074.0
2025-04-14,3086.0,3118.0,3075.0,3104.0,2164045,2426884,3097.0
2025-04-15,3106.0,3124.0,3064.0,3066.0,1944264,2484209,3094.0
2025-04-16,3060.0,3081.0,3011.0,3013.0,2192116,2482896,3043.0
2025-04-17,3027.0,3036.0,3012.0,3020.0,1371591,2427840,3024.0
2025-04-18,3020.0,3031.0,3004.0,3021.0,1403534,2414587,3019.0
2025-04-21,3020.0,3066.0,3012.0,3045.0,1817594,2399555,3043.0
2025-04-22,3048.0,3064.0,3032.0,3054.0,1583221,2416736,3048.0
2025-04-23,3052.0,3064.0,3023.0,3048.0,1733334,2418994,3044.0
2025-04-24,3042.0,3075.0,3034.0,3059.0,1919721,2417063,3055.0
2025-04-25,3055.0,3061.0,3023.0,3031.0,1774441,2437193,3041.0
2025-04-28,3025.0,3034.0,2975.0,2985.0,1850403,2494787,2998.0
2025-04-29,2985.0,2992.0,2961.0,2964.0,1405713,2473108,2977.0
2025-04-30,2961.0,2970.0,2918.0,2920.0,1479625,2453947,2945.0
2025-05-06,2904.0,2932.0,2896.0,2915.0,821492,2473347,2921.0
2025-05-07,2920.0,2929.0,2905.0,2920.0,1299306,2538728,2917.0
2025-05-08,2916.0,2922.0,2895.0,2919.0,1176721,2543725,2912.0
2025-05-09,2926.0,2929.0,2897.0,2899.0,1098731,2607876,2913.0
2025-05-12,2905.0,2911.0,2865.0,2908.0,1806635,2579668,2893.0
2025-05-13,2909.0,2925.0,2885.0,2886.0,1354709,2591086,2903.0
2025-05-14,2885.0,2918.0,2875.0,2914.0,1257254,2548303,2898.0
2025-05-15,2908.0,2925.0,2888.0,2923.0,1193644,2542934,2903.0
2025-05-16,2920.0,2922.0,2890.0,2899.0,1310312,2536619,2902.0
2025-05-19,2895.0,2910.0,2880.0,2886.0,1048384,2571732,2893.0
2025-05-20,2888.0,2895.0,2861.0,2889.0,1023983,2567545,2879.0
2025-05-21,2896.0,2937.0,2885.0,2934.0,1288423,2524917,2908.0
2025-05-22,2936.0,2946.0,2920.0,2939.0,1299829,2490628,2932.0
2025-05-23,2944.0,2966.0,2939.0,2952.0,1187445,2422679,2950.0
2025-05-26,2945.0,2958.0,2935.0,2950.0,1005432,2393203,2947.0
2025-05-27,2952.0,2974.0,2940.0,2966.0,1067156,2373869,2958.0
2025-05-28,2966.0,2978.0,2952.0,2961.0,961683,2316480,2963.0
2025-05-29,2956.0,2967.0,2932.0,2962.0,1247001,2249248,2953.0
2025-05-30,2952.0,2985.0,2944.0,2968.0,1333795,2209609,2966.0
2025-06-03,2950.0,2955.0,2927.0,2935.0,1140522,2221712,2939.0
2025-06-04,2938.0,2948.0,2925.0,2939.0,928744,2224255,2938.0
2025-06-05,2948.0,2965.0,2942.0,2958.0,996089,2187751,2954.0
2025-06-06,2956.0,3016.0,2952.0,3010.0,1739214,2274340,2991.0
2025-06-09,3002.0,3023.0,3000.0,3019.0,1083924,2292836,3011.0
2025-06-10,3016.0,3035.0,3005.0,3031.0,1082721,2319959,3019.0
2025-06-11,3031.0,3055.0,3026.0,3047.0,1264945,2355468,3040.0
2025-06-12,3050.0,3065.0,3032.0,3049.0,1296602,2356309,3046.0
2025-06-13,3055.0,3057.0,3037.0,3041.0,1167825,2318021,3048.0
2025-06-16,3040.0,3060.0,3020.0,3045.0,1422022,2305935,3039.0
2025-06-17,3043.0,3087.0,3034.0,3074.0,1404601,2370120,3061.0
2025-06-18,3075.0,3081.0,3058.0,3062.0,1047245,2324483,3071.0
2025-06-19,3060.0,3078.0,3052.0,3077.0,940043,2323742,3063.0
2025-06-20,3077.0,3086.0,3056.0,3067.0,913041,2339532,3070.0
2025-06-23,3074.0,3076.0,3021.0,3037.0,1158175,2341727,3042.0
2025-06-24,3033.0,3040.0,3013.0,3037.0,904147,2330396,3029.0
2025-06-25,3031.0,3037.0,2988.0,2993.0,1342168,2270410,3009.0
2025-06-26,2986.0,2988.0,2921.0,2936.0,1851366,2252700,2951.0
2025-06-27,2940.0,2949.0,2926.0,2946.0,987064,2221758,2938.0
2025-06-30,2942.0,2968.0,2942.0,2961.0,964679,2163708,2958.0
2025-07-01,2968.0,2971.0,2948.0,2961.0,896669,2148616,2961.0
2025-07-02,2951.0,2960.0,2935.0,2944.0,998822,2169357,2947.0
2025-07-03,2952.0,2976.0,2943.0,2958.0,1025841,2133898,2960.0
2025-07-04,2967.0,2976.0,2950.0,2954.0,810518,2123115,2962.0
2025-07-07,2954.0,2969.0,2931.0,2937.0,927127,2128446,2948.0
2025-07-08,2935.0,2946.0,2931.0,2935.0,713595,2134739,2938.0
2025-07-09,2930.0,2956.0,2925.0,2947.0,895519,2120335,2940.0
2025-07-10,2940.0,2960.0,2928.0,2954.0,1086977,2075754,2943.0
2025-07-11,2952.0,2985.0,2952.0,2976.0,1089715,2008008,2971.0
2025-07-14,2976.0,2995.0,2961.0,2992.0,1019387,1993430,2977.0
2025-07-15,2995.0,2999.0,2972.0,2978.0,854905,1962612,2986.0
2025-07-16,2980.0,2989.0,2969.0,2977.0,750341,1942539,2978.0
2025-07-17,2977.0,3033.0,2975.0,3029.0,1468250,1947148,3011.0
2025-07-18,3031.0,3064.0,3023.0,3056.0,1166958,1907175,3043.0
2025-07-21,3060.0,3070.0,3046.0,3069.0,972455,1885694,3059.0
2025-07-22,3071.0,3097.0,3057.0,3086.0,1180910,1851232,3076.0
2025-07-23,3080.0,3121.0,3077.0,3095.0,1166151,1838499,3096.0
2025-07-24,3091.0,3106.0,3003.0,3025.0,1842107,1668155,3041.0
2025-07-25,3029.0,3038.0,3013.0,3021.0,894109,1623603,3025.0
2025-07-28,3017.0,3023.0,2984.0,2990.0,1020578,1560299,3001.0
2025-07-29,2989.0,2992.0,2963.0,2983.0,1013822,1468086,2974.0
2025-07-30,2983.0,3016.0,2979.0,3010.0,1042163,1438908,3001.0
2025-07-31,3007.0,3021.0,2986.0,3000.0,1060322,1415275,3006.0
2025-08-01,2996.0,3022.0,2989.0,3010.0,1016300,1396108,3004.0
2025-08-04,3033.0,3062.0,3032.0,3055.0,470772,1463460,3050.0
2025-08-05,3052.0,3089.0,3051.0,3065.0,573708,1487930,3069.0
2025-08-06,3076.0,3088.0,3052.0,3072.0,591739,1540786,3072.0
2025-08-07,3077.0,3080.0,3054.0,3078.0,527084,1600487,3068.0
2025-08-08,3086.0,3100.0,3078.0,3094.0,609803,1650480,3088.0
2025-08-11,3090.0,3107.0,3033.0,3072.0,1544163,1695053,3069.0
2025-08-12,3072.0,3100.0,3051.0,3091.0,1107230,1757131,3074.0
2025-08-13,3110.0,3190.0,3090.0,3163.0,1964008,1935807,3145.0
2025-08-14,3170.0,3185.0,3147.0,3157.0,1347343,1990701,3164.0
2025-08-15,3150.0,3154.0,3121.0,3137.0,1042430,2015132,3137.0
2025-08-18,3145.0,3167.0,3123.0,3155.0,1057168,2064068,3147.0
2025-08-19,3155.0,3178.0,3152.0,3161.0,933541,2107908,3167.0
2025-08-20,3158.0,3164.0,3131.0,3160.0,1059141,2098746,3146.0
2025-08-21,3158.0,3163.0,3105.0,3113.0,1452869,2059062,3128.0
2025-08-22,3116.0,3116.0,3079.0,3088.0,1278955,2000115,3094.0
2025-08-25,3094.0,3125.0,3089.0,3117.0,944017,1994689,3110.0
2025-08-26,3122.0,3128.0,3080.0,3081.0,1097489,2053457,3097.0
2025-08-27,3081.0,3082.0,3042.0,3045.0,1351719,2090112,3055.0
2025-08-28,3044.0,3064.0,3027.0,3039.0,1114536,2052391,3046.0
2025-08-29,3040.0,3064.0,3031.0,3055.0,910391,2030073,3047.0
2025-09-01,3052.0,3074.0,3049.0,3054.0,799568,2048717,3060.0
2025-09-02,3054.0,3069.0,3046.0,3050.0,757362,2048115,3056.0
2025-09-03,3044.0,3072.0,3039.0,3066.0,798340,2037475,3057.0
2025-09-04,3058.0,3076.0,3046.0,3048.0,956943,2043281,3063.0
2025-09-05,3043.0,3072.0,3042.0,3067.0,767878,1996647,3058.0
2025-09-08,3070.0,3095.0,3064.0,3081.0,1001708,1990833,3079.0
2025-09-09,3080.0,3086.0,3065.0,3075.0,689359,2002836,3076.0
2025-09-10,3079.0,3079.0,3055.0,3066.0,805619,2014690,3064.0
2025-09-11,3067.0,3090.0,3064.0,3088.0,798021,2001532,3075.0
2025-09-12,3090.0,3097.0,3077.0,3079.0,738621,1986206,3087.0
2025-09-15,3080.0,3083.0,3032.0,3042.0,1450741,2050694,3051.0
2025-09-16,3046.0,3058.0,3030.0,3041.0,964263,1995228,3046.0
2025-09-17,3042.0,3051.0,2998.0,3002.0,1383681,2070225,3019.0
2025-09-18,3008.0,3016.0,2990.0,2993.0,807553,2071291,3001.0
2025-09-19,2995.0,3021.0,2983.0,3014.0,895606,2020535,3004.0
2025-09-22,3014.0,3046.0,3007.0,3034.0,1046478,1945986,3030.0
2025-09-23,3013.0,3015.0,2907.0,2928.0,2372830,2007056,2954.0
2025-09-24,2926.0,2940.0,2908.0,2930.0,1226653,2035083,2922.0
2025-09-25,2958.0,2976.0,2951.0,2967.0,1262657,1937464,2961.0
2025-09-26,2972.0,2973.0,2930.0,2937.0,1050116,1986148,2949.0
2025-09-29,2938.0,2952.0,2926.0,2933.0,817240,1925537,2937.0
2025-09-30,2938.0,2943.0,2924.0,2928.0,570193,1864639,2933.0
2025-10-09,2950.0,2952.0,2918.0,2939.0,647477,1869551,2934.0
2025-10-10,2938.0,2944.0,2903.0,2922.0,872310,1927483,2924.0
2025-10-13,2932.0,2957.0,2922.0,2932.0,1110066,1930571,2936.0
2025-10-14,2936.0,2943.0,2883.0,2902.0,1293039,1997420,2912.0
2025-10-15,2902.0,2930.0,2897.0,2917.0,842672,1975574,2914.0
2025-10-16,2913.0,2925.0,2906.0,2907.0,662721,1982359,2915.0
2025-10-17,2910.0,2914.0,2863.0,2868.0,1113825,2044648,2882.0
2025-10-20,2868.0,2910.0,2866.0,2895.0,946854,1984309,2894.0
2025-10-21,2895.0,2913.0,2888.0,2889.0,746759,1985599,2897.0
2025-10-22,2886.0,2892.0,2852.0,2885.0,1101824,1990615,2872.0
2025-10-23,2887.0,2942.0,2880.0,2938.0,1271519,1820261,2916.0
2025-10-24,2938.0,2955.0,2928.0,2933.0,952874,1759344,2940.0
2025-10-27,2937.0,2950.0,2922.0,2932.0,914039,1729663,2934.0
2025-10-28,2934.0,2982.0,2932.0,2975.0,1226995,1659517,2966.0
2025-10-29,2975.0,2995.0,2957.0,2969.0,1016829,1637499,2974.0
2025-10-30,2969.0,2997.0,2965.0,2994.0,1006601,1623129,2981.0
2025-10-31,3005.0,3029.0,2982.0,3021.0,1416424,1649285,3005.0
2025-11-03,3018.0,3058.0,3015.0,3026.0,1248829,1595045,3036.0
2025-11-04,3026.0,3047.0,3012.0,3015.0,961854,1587968,3028.0
2025-11-05,3010.0,3080.0,3002.0,3073.0,1486303,1612675,3039.0
2025-11-06,3073.0,3089.0,3053.0,3068.0,1028963,1568196,3070.0
2025-11-07,3065.0,3070.0,3034.0,3058.0,951916,1577123,3051.0
2025-11-10,3058.0,3068.0,3031.0,3063.0,918540,1593764,3051.0
2025-11-11,3060.0,3070.0,3044.0,3054.0,822179,1602533,3058.0
2025-11-12,3050.0,3073.0,3038.0,3059.0,901296,1639508,3053.0
2025-11-13,3051.0,3077.0,3045.0,3071.0,859543,1651226,3062.0
2025-11-14,3070.0,3099.0,3060.0,3092.0,1071594,1700146,3081.0
2025-11-17,3090.0,3107.0,3024.0,3043.0,1396215,1661229,3051.0
2025-11-18,3048.0,3086.0,3039.0,3041.0,1081749,1651475,3057.0
2025-11-19,3049.0,3054.0,3016.0,3022.0,969051,1597855,3031.0
2025-11-20,3022.0,3027.0,3000.0,3017.0,779955,1549350,3013.0
2025-11-21,3021.0,3027.0,3007.0,3012.0,677574,1511379,3017.0
2025-11-24,3010.0,3020.0,2988.0,3011.0,759681,1486693,3005.0
2025-11-25,3005.0,3025.0,2995.0,3013.0,712323,1453249,3009.0
2025-11-26,3010.0,3033.0,3006.0,3015.0,668734,1403579,3021.0
2025-11-27,3015.0,3062.0,3007.0,3055.0,1118832,1345757,3039.0
2025-11-28,2828.0,2855.0,2828.0,2845.0,398648,1462928,2843.0
2025-12-01,2849.0,2856.0,2826.0,2835.0,465897,1487694,2839.0
2025-12-02,2835.0,2849.0,2829.0,2848.0,417432,1556300,2840.0
2025-12-03,2851.0,2863.0,2833.0,2847.0,504614,1632951,2842.0
2025-12-04,2844.0,2846.0,2812.0,2833.0,898163,1729427,2831.0
2025-12-05,2835.0,2844.0,2820.0,2821.0,584828,1783520,2828.0
2025-12-08,2821.0,2826.0,2770.0,2778.0,1089811,1890767,2793.0
2025-12-09,2781.0,2790.0,2754.0,2763.0,859072,1919537,2771.0
2025-12-10,2755.0,2761.0,2736.0,2754.0,1083237,1933888,2750.0
2025-12-11,2755.0,2765.0,2745.0,2750.0,839217,1963838,2754.0
2025-12-12,2754.0,2789.0,2752.0,2770.0,993590,1925112,2773.0
2025-12-15,2759.0,2772.0,2753.0,2758.0,778583,1964207,2762.0
2025-12-16,2763.0,2780.0,2748.0,2777.0,1038177,2009162,2763.0
2025-12-17,2774.0,2784.0,2752.0,2756.0,798621,2055517,2766.0
2025-12-18,2760.0,2760.0,2732.0,2747.0,773158,2117464,2745.0
2025-12-19,2745.0,2748.0,2726.0,2735.0,645772,2116090,2736.0
2025-12-22,2735.0,2754.0,2727.0,2741.0,865371,2134135,2740.0
2025-12-23,2741.0,2749.0,2736.0,2745.0,568687,2151398,2742.0
2025-12-24,2745.0,2757.0,2726.0,2728.0,904529,2162519,2739.0
2025-12-25,2728.0,2765.0,2719.0,2760.0,962713,2093118,2739.0
2025-12-26,2761.0,2801.0,2760.0,2790.0,1229145,2086665,2782.0
2025-12-29,2793.0,2804.0,2768.0,2774.0,1075551,2124655,2788.0
2025-12-30,2762.0,2779.0,2758.0,2778.0,835557,2144500,2768.0
2025-12-31,2776.0,2780.0,2746.0,2749.0,855707,2149817,2759.0
2026-01-05,2738.0,2757.0,2735.0,2754.0,665950,2177311,2746.0
2026-01-06,2752.0,2778.0,2751.0,2776.0,800156,2174350,2763.0
2026-01-07,2776.0,2815.0,2772.0,2811.0,1290938,2250191,2791.0
2026-01-08,2813.0,2827.0,2781.0,2782.0,1282896,2281609,2804.0
2026-01-09,2788.0,2801.0,2774.0,2786.0,807463,2260449,2786.0
2026-01-12,2780.0,2797.0,2775.0,2790.0,776412,2292372,2786.0
2026-01-13,2799.0,2805.0,2756.0,2761.0,1180639,2258105,2776.0
2026-01-14,2761.0,2764.0,2740.0,2751.0,1080750,2228454,2749.0
2026-01-15,2753.0,2761.0,2737.0,2740.0,808905,2234614,2748.0
2026-01-16,2743.0,2746.0,2723.0,2727.0,902899,2238668,2734.0
2026-01-19,2725.0,2746.0,2710.0,2727.0,1052729,2214219,2728.0
2026-01-20,2730.0,2739.0,2712.0,2736.0,729055,2213007,2726.0
2026-01-21,2736.0,2742.0,2718.0,2725.0,691223,2240906,2727.0
2026-01-22,2731.0,2770.0,2729.0,2768.0,1100908,2198812,2749.0
2026-01-23,2770.0,2773.0,2745.0,2751.0,795964,2161911,2759.0
2026-01-26,2758.0,2776.0,2754.0,2769.0,678241,2136383,2766.0
2026-01-27,2766.0,2773.0,2756.0,2766.0,660637,2178262,2766.0
2026-01-28,2769.0,2789.0,2765.0,2782.0,793254,2184028,2777.0
2026-01-29,2784.0,2809.0,2784.0,2802.0,934382,2193188,2798.0
2026-01-30,2805.0,2808.0,2755.0,2767.0,1107768,2156880,2776.0
2026-02-02,2766.0,2767.0,2746.0,2750.0,842011,2089051,2756.0
2026-02-03,2756.0,2759.0,2721.0,2727.0,1085590,2153812,2736.0
2026-02-04,2732.0,2737.0,2717.0,2723.0,768163,2215665,2725.0
2026-02-05,2715.0,2752.0,2715.0,2731.0,1219219,2212105,2730.0
2026-02-06,2737.0,2748.0,2729.0,2735.0,637898,2156556,2738.0
2026-02-09,2745.0,2760.0,2727.0,2729.0,806209,2096966,2745.0
2026-02-10,2730.0,2742.0,2727.0,2734.0,575336,2077503,2733.0
2026-02-11,2740.0,2777.0,2736.0,2773.0,916844,2006858,2758.0
2026-02-12,2773.0,2802.0,2766.0,2790.0,909298,1930312,2782.0
2026-02-13,2797.0,2813.0,2789.0,2800.0,851618,1862820,2800.0
2026-02-24,2799.0,2806.0,2780.0,2781.0,650347,1886495,2794.0
2026-02-25,2782.0,2845.0,2781.0,2831.0,1336790,2014986,2824.0
2026-02-26,2825.0,2847.0,2818.0,2834.0,828719,2021035,2833.0
2026-02-27,2836.0,2841.0,2815.0,2833.0,720186,2027937,2828.0
2026-03-02,2833.0,2844.0,2809.0,2826.0,905873,1942859,2823.0
2026-03-03,2821.0,2868.0,2818.0,2836.0,1255652,1943827,2843.0
2026-03-04,2851.0,2854.0,2819.0,2829.0,859798,1875372,2835.0
2026-03-05,2827.0,2851.0,2825.0,2843.0,643452,1907786,2837.0
2026-03-06,2847.0,2922.0,2844.0,2915.0,1793260,2089623,2893.0
2026-03-09,2925.0,3066.0,2919.0,2995.0,2567487,1935418,3006.0
2026-03-10,2987.0,3004.0,2922.0,2973.0,1570739,1887486,2962.0
2026-03-11,2993.0,3077.0,2989.0,3068.0,2919190,2030946,3032.0
2026-03-12,3097.0,3124.0,3039.0,3054.0,2239500,1969676,3074.0
2026-03-13,3075.0,3204.0,3055.0,3128.0,2931666,1972278,3132.0
2026-03-16,3123.0,3138.0,3042.0,3071.0,2131687,1978401,3083.0
2026-03-17,3055.0,3088.0,3001.0,3070.0,1803668,1977547,3044.0
2026-03-18,3072.0,3084.0,3020.0,3036.0,1344935,1954770,3052.0
2026-03-19,3050.0,3084.0,3030.0,3042.0,1252389,1928256,3053.0
2026-03-20,3041.0,3057.0,3007.0,3029.0,1421129,1849898,3030.0
2026-03-23,3020.0,3035.0,2972.0,3007.0,1259866,1783092,3009.0
2026-03-24,2985.0,2995.0,2956.0,2961.0,1151834,1695571,2977.0
2026-03-25,2956.0,2964.0,2928.0,2932.0,968286,1671419,2944.0
2026-03-26,2942.0,2969.0,2934.0,2952.0,875439,1614108,2951.0
2026-03-27,2962.0,2962.0,2911.0,2937.0,1033159,1521363,2933.0
2026-03-30,2947.0,2958.0,2920.0,2937.0,791514,1465173,2937.0
2026-03-31,2934.0,2941.0,2904.0,2915.0,717760,1384263,2919.0
2026-04-01,2919.0,2932.0,2870.0,2875.0,913169,1296540,2899.0
2026-04-02,2960.0,2981.0,2951.0,2964.0,512942,1524339,2965.0
2026-04-03,2963.0,2978.0,2947.0,2949.0,493318,1617788,2961.0
2026-04-07,2952.0,2963.0,2939.0,2963.0,371556,1685520,2952.0
2026-04-08,2963.0,2984.0,2943.0,2962.0,778200,1775301,2961.0
2026-04-09,2962.0,2981.0,2954.0,2971.0,770440,1876342,2970.0
2026-04-10,2977.0,3001.0,2963.0,2977.0,1017919,1944718,2982.0
2026-04-13,2981.0,2998.0,2971.0,2980.0,923012,1989260,2983.0
2026-04-14,2984.0,2993.0,2958.0,2977.0,897839,1997226,2977.0
2026-04-15,2981.0,2981.0,2959.0,2977.0,751851,2025559,2970.0
2026-04-16,2981.0,2995.0,2970.0,2991.0,790491,2114195,2981.0
2026-04-17,2985.0,2989.0,2955.0,2958.0,902184,2162663,2970.0
2026-04-20,2956.0,2978.0,2933.0,2967.0,1100049,2204519,2956.0
2026-04-21,2967.0,2982.0,2964.0,2978.0,954037,2273758,2972.0
2026-04-22,2978.0,3034.0,2976.0,3026.0,1655827,2416636,3013.0
2026-04-23,3020.0,3027.0,2981.0,2994.0,1354426,2472154,3001.0
2026-04-24,2991.0,3010.0,2965.0,2984.0,1327417,2471408,2986.0
2026-04-27,2984.0,2994.0,2975.0,2993.0,888919,2448324,2984.0
2026-04-28,2995.0,3010.0,2986.0,3006.0,1017512,2447273,2999.0
2026-04-29,3010.0,3034.0,2996.0,3020.0,1207420,2513695,3017.0
2026-04-30,3018.0,3042.0,3007.0,3021.0,986727,2493483,3024.0
2026-05-06,3040.0,3040.0,2998.0,3007.0,855544,2493929,3015.0
2026-05-07,3004.0,3014.0,2981.0,2988.0,1020196,2520503,2996.0
2026-05-08,2985.0,3007.0,2979.0,3003.0,1125693,2560470,2991.0
2026-05-11,3010.0,3047.0,3003.0,3039.0,1228879,2601290,3023.0
2026-05-12,3047.0,3049.0,3022.0,3033.0,928722,2633835,3035.0
2026-05-13,3033.0,3073.0,3031.0,3048.0,1493305,2689191,3052.0
2026-05-14,3053.0,3072.0,3026.0,3028.0,1475835,2705616,3051.0
2026-05-15,3005.0,3016.0,2974.0,2979.0,1481259,2590953,2998.0
2026-05-18,2971.0,2994.0,2962.0,2985.0,1088032,2571686,2979.0
2026-05-19,2991.0,3039.0,2986.0,3038.0,1325090,2546998,3017.0
2026-05-20,3036.0,3050.0,3020.0,3025.0,1083590,2545066,3030.0
2026-05-21,3016.0,3024.0,2990.0,2993.0,1104110,2458035,3006.0
2026-05-22,2998.0,2999.0,2984.0,2990.0,659103,2461397,2990.0
2026-05-25,2995.0,3009.0,2971.0,2973.0,1000319,2480723,2989.0
2026-05-26,2972.0,2982.0,2960.0,2971.0,839895,2484873,2971.0
2026-05-27,2972.0,2981.0,2965.0,2971.0,684864,2473549,2974.0
2026-05-28,2968.0,3001.0,2963.0,2994.0,826391,2465964,2980.0
2026-05-29,2991.0,3010.0,2986.0,2991.0,788201,2428810,2997.0
2026-06-01,2995.0,2997.0,2973.0,2993.0,820623,2388924,2985.0
2026-06-02,2989.0,2999.0,2964.0,2973.0,908792,2403242,2977.0
2026-06-03,2970.0,2995.0,2949.0,2976.0,1255655,2385479,2968.0
2026-06-04,2982.0,2983.0,2940.0,2943.0,1133899,2447993,2955.0
2026-06-05,2943.0,2947.0,2909.0,2918.0,1196179,2432078,2923.0
2026-06-08,2918.0,2921.0,2896.0,2905.0,935728,2422792,2907.0
2026-06-09,2905.0,2918.0,2889.0,2895.0,920379,2394518,2903.0
2026-06-10,2895.0,2921.0,2887.0,2918.0,829841,2399643,2902.0
2026-06-11,2925.0,2942.0,2918.0,2939.0,930268,2274260,2930.0
2026-06-12,2939.0,2944.0,2924.0,2941.0,633839,2239768,2933.0
2026-06-15,2935.0,2952.0,2924.0,2941.0,752215,2187566,2938.0
2026-06-16,2934.0,2949.0,2929.0,2945.0,680996,2147901,2938.0
2026-06-17,2941.0,2967.0,2939.0,2957.0,981083,2090231,2958.0
